threshold,balanced_accuracy,recall,precision,f1
0.001,0.5,1.0,0.06350806451612903,0.11943127962085308
0.002,0.5,1.0,0.06350806451612903,0.11943127962085308
0.003,0.5,1.0,0.06350806451612903,0.11943127962085308
0.004,0.5,1.0,0.06350806451612903,0.11943127962085308
0.005,0.5,1.0,0.06350806451612903,0.11943127962085308
0.006,0.5,1.0,0.06350806451612903,0.11943127962085308
0.007,0.5,1.0,0.06350806451612903,0.11943127962085308
0.008,0.5,1.0,0.06350806451612903,0.11943127962085308
0.009000000000000001,0.5,1.0,0.06350806451612903,0.11943127962085308
0.010000000000000002,0.5,1.0,0.06350806451612903,0.11943127962085308
0.011,0.5,1.0,0.06350806451612903,0.11943127962085308
0.012,0.5,1.0,0.06350806451612903,0.11943127962085308
0.013000000000000001,0.5,1.0,0.06350806451612903,0.11943127962085308
0.014000000000000002,0.5,1.0,0.06350806451612903,0.11943127962085308
0.015,0.5,1.0,0.06350806451612903,0.11943127962085308
0.016,0.5,1.0,0.06350806451612903,0.11943127962085308
0.017,0.5,1.0,0.06350806451612903,0.11943127962085308
0.018000000000000002,0.5,1.0,0.06350806451612903,0.11943127962085308
0.019000000000000003,0.5,1.0,0.06350806451612903,0.11943127962085308
0.02,0.5,1.0,0.06350806451612903,0.11943127962085308
0.021,0.5,1.0,0.06350806451612903,0.11943127962085308
0.022000000000000002,0.5,1.0,0.06350806451612903,0.11943127962085308
0.023,0.5,1.0,0.06350806451612903,0.11943127962085308
0.024,0.5,1.0,0.06350806451612903,0.11943127962085308
0.025,0.5,1.0,0.06350806451612903,0.11943127962085308
0.026000000000000002,0.5,1.0,0.06350806451612903,0.11943127962085308
0.027000000000000003,0.5,1.0,0.06350806451612903,0.11943127962085308
0.028,0.5,1.0,0.06350806451612903,0.11943127962085308
0.029,0.5,1.0,0.06350806451612903,0.11943127962085308
0.030000000000000002,0.5,1.0,0.06350806451612903,0.11943127962085308
0.031,0.5,1.0,0.06350806451612903,0.11943127962085308
0.032,0.5481700753498385,1.0,0.06980609418282549,0.1305023303987571
0.033,0.5797922326447622,0.9841269841269841,0.0748792270531401,0.13916947250280584
0.034,0.5797922326447622,0.9841269841269841,0.0748792270531401,0.13916947250280584
0.035,0.601256684948827,0.9603174603174603,0.07913669064748201,0.14622356495468278
0.036000000000000004,0.601256684948827,0.9603174603174603,0.07913669064748201,0.14622356495468278
0.037000000000000005,0.6171382438874365,0.9285714285714286,0.08315565031982942,0.15264187866927592
0.038,0.6171382438874365,0.9285714285714286,0.08315565031982942,0.15264187866927592
0.039,0.635642523963299,0.9047619047619048,0.08830364058869093,0.16090331686661963
0.04,0.635642523963299,0.9047619047619048,0.08830364058869093,0.16090331686661963
0.041,0.6462102961026535,0.8650793650793651,0.09292412617220801,0.16782140107775212
0.042,0.6462102961026535,0.8650793650793651,0.09292412617220801,0.16782140107775212
0.043000000000000003,0.6513275923932544,0.8333333333333334,0.09624197983501374,0.1725554642563681
0.044000000000000004,0.6513275923932544,0.8333333333333334,0.09624197983501374,0.1725554642563681
0.045,0.649315700445948,0.7857142857142857,0.09860557768924302,0.1752212389380531
0.046,0.649315700445948,0.7857142857142857,0.09860557768924302,0.1752212389380531
0.047,0.6538264390793993,0.7619047619047619,0.10212765957446808,0.1801125703564728
0.048,0.6538264390793993,0.7619047619047619,0.10212765957446808,0.1801125703564728
0.049,0.645424334068037,0.7063492063492064,0.10336817653890824,0.18034447821681865
0.05,0.645424334068037,0.7063492063492064,0.10336817653890824,0.18034447821681865
0.051000000000000004,0.645424334068037,0.7063492063492064,0.10336817653890824,0.18034447821681865
0.052000000000000005,0.6510114989662891,0.6825396825396826,0.10844892812105927,0.18715995647442873
0.053000000000000005,0.6510114989662891,0.6825396825396826,0.10844892812105927,0.18715995647442873
0.054,0.6520238522391375,0.6587301587301587,0.11185983827493262,0.1912442396313364
0.055,0.6520238522391375,0.6587301587301587,0.11185983827493262,0.1912442396313364
0.056,0.6520238522391375,0.6587301587301587,0.11185983827493262,0.1912442396313364
0.057,0.6655475250738976,0.6507936507936508,0.12130177514792899,0.20448877805486285
0.058,0.6655475250738976,0.6507936507936508,0.12130177514792899,0.20448877805486285
0.059000000000000004,0.6655475250738976,0.6507936507936508,0.12130177514792899,0.20448877805486285
0.060000000000000005,0.6591615835426385,0.6111111111111112,0.12399355877616747,0.20615796519410978
0.061,0.6591615835426385,0.6111111111111112,0.12399355877616747,0.20615796519410978
0.062,0.6572821091120338,0.5793650793650794,0.12920353982300886,0.21128798842257598
0.063,0.6572821091120338,0.5793650793650794,0.12920353982300886,0.21128798842257598
0.064,0.6572821091120338,0.5793650793650794,0.12920353982300886,0.21128798842257598
0.065,0.6376458728450117,0.5158730158730159,0.126953125,0.20376175548589343
0.066,0.6376458728450117,0.5158730158730159,0.126953125,0.20376175548589343
0.067,0.6376458728450117,0.5158730158730159,0.126953125,0.20376175548589343
0.068,0.6376458728450117,0.5158730158730159,0.126953125,0.20376175548589343
0.069,0.6391280947255114,0.5,0.13263157894736843,0.2096505823627288
0.07,0.6391280947255114,0.5,0.13263157894736843,0.2096505823627288
0.07100000000000001,0.6391280947255114,0.5,0.13263157894736843,0.2096505823627288
0.07200000000000001,0.6451167837066653,0.49206349206349204,0.14187643020594964,0.2202486678507993
0.07300000000000001,0.6451167837066653,0.49206349206349204,0.14187643020594964,0.2202486678507993
0.074,0.6451167837066653,0.49206349206349204,0.14187643020594964,0.2202486678507993
0.075,0.644177046491363,0.47619047619047616,0.1466992665036675,0.22429906542056074
0.076,0.644177046491363,0.47619047619047616,0.1466992665036675,0.22429906542056074
0.077,0.644177046491363,0.47619047619047616,0.1466992665036675,0.22429906542056074
0.078,0.644177046491363,0.47619047619047616,0.1466992665036675,0.22429906542056074
0.079,0.640883694705008,0.4523809523809524,0.15240641711229946,0.228
0.08,0.640883694705008,0.4523809523809524,0.15240641711229946,0.228
0.081,0.640883694705008,0.4523809523809524,0.15240641711229946,0.228
0.082,0.640883694705008,0.4523809523809524,0.15240641711229946,0.228
0.083,0.6238018350504895,0.40476190476190477,0.14868804664723032,0.21748400852878466
0.084,0.6238018350504895,0.40476190476190477,0.14868804664723032,0.21748400852878466
0.085,0.6238018350504895,0.40476190476190477,0.14868804664723032,0.21748400852878466
0.08600000000000001,0.6238018350504895,0.40476190476190477,0.14868804664723032,0.21748400852878466
0.08700000000000001,0.6114955490628257,0.36507936507936506,0.14838709677419354,0.21100917431192662
0.08800000000000001,0.6114955490628257,0.36507936507936506,0.14838709677419354,0.21100917431192662
0.089,0.6114955490628257,0.36507936507936506,0.14838709677419354,0.21100917431192662
0.09,0.6114955490628257,0.36507936507936506,0.14838709677419354,0.21100917431192662
0.091,0.6060493447468689,0.3412698412698413,0.1519434628975265,0.21026894865525672
0.092,0.6060493447468689,0.3412698412698413,0.1519434628975265,0.21026894865525672
0.093,0.6060493447468689,0.3412698412698413,0.1519434628975265,0.21026894865525672
0.094,0.6060493447468689,0.3412698412698413,0.1519434628975265,0.21026894865525672
0.095,0.6029567550019649,0.3253968253968254,0.155893536121673,0.21079691516709512
0.096,0.6029567550019649,0.3253968253968254,0.155893536121673,0.21079691516709512
0.097,0.6029567550019649,0.3253968253968254,0.155893536121673,0.21079691516709512
0.098,0.6029567550019649,0.3253968253968254,0.155893536121673,0.21079691516709512
0.099,0.598586976950809,0.30158730158730157,0.16379310344827586,0.2122905027932961
0.1,0.598586976950809,0.30158730158730157,0.16379310344827586,0.2122905027932961
0.101,0.598586976950809,0.30158730158730157,0.16379310344827586,0.2122905027932961
0.10200000000000001,0.598586976950809,0.30158730158730157,0.16379310344827586,0.2122905027932961
0.10300000000000001,0.598586976950809,0.30158730158730157,0.16379310344827586,0.2122905027932961
0.10400000000000001,0.5899114938404497,0.2777777777777778,0.16129032258064516,0.20408163265306123
0.10500000000000001,0.5899114938404497,0.2777777777777778,0.16129032258064516,0.20408163265306123
0.106,0.5899114938404497,0.2777777777777778,0.16129032258064516,0.20408163265306123
0.107,0.5899114938404497,0.2777777777777778,0.16129032258064516,0.20408163265306123
0.108,0.5899114938404497,0.2777777777777778,0.16129032258064516,0.20408163265306123
0.109,0.5849351581321441,0.2619047619047619,0.16176470588235295,0.2
0.11,0.5849351581321441,0.2619047619047619,0.16176470588235295,0.2
0.111,0.5849351581321441,0.2619047619047619,0.16176470588235295,0.2
0.112,0.5849351581321441,0.2619047619047619,0.16176470588235295,0.2
0.113,0.5849351581321441,0.2619047619047619,0.16176470588235295,0.2
0.114,0.5773361012865856,0.23809523809523808,0.16216216216216217,0.19292604501607716
0.115,0.5773361012865856,0.23809523809523808,0.16216216216216217,0.19292604501607716
0.116,0.5773361012865856,0.23809523809523808,0.16216216216216217,0.19292604501607716
0.117,0.5773361012865856,0.23809523809523808,0.16216216216216217,0.19292604501607716
0.11800000000000001,0.5773361012865856,0.23809523809523808,0.16216216216216217,0.19292604501607716
0.11900000000000001,0.5649614707741726,0.20634920634920634,0.15476190476190477,0.17687074829931973
0.12000000000000001,0.5649614707741726,0.20634920634920634,0.15476190476190477,0.17687074829931973
0.121,0.5649614707741726,0.20634920634920634,0.15476190476190477,0.17687074829931973
0.122,0.5649614707741726,0.20634920634920634,0.15476190476190477,0.17687074829931973
0.123,0.5649614707741726,0.20634920634920634,0.15476190476190477,0.17687074829931973
0.124,0.5557477745314129,0.18253968253968253,0.14838709677419354,0.16370106761565836
0.125,0.5557477745314129,0.18253968253968253,0.14838709677419354,0.16370106761565836
0.126,0.5557477745314129,0.18253968253968253,0.14838709677419354,0.16370106761565836
0.127,0.5557477745314129,0.18253968253968253,0.14838709677419354,0.16370106761565836
0.128,0.5557477745314129,0.18253968253968253,0.14838709677419354,0.16370106761565836
0.129,0.5557477745314129,0.18253968253968253,0.14838709677419354,0.16370106761565836
0.13,0.5515787585217079,0.16666666666666666,0.1510791366906475,0.15849056603773584
0.131,0.5515787585217079,0.16666666666666666,0.1510791366906475,0.15849056603773584
0.132,0.5515787585217079,0.16666666666666666,0.1510791366906475,0.15849056603773584
0.133,0.5515787585217079,0.16666666666666666,0.1510791366906475,0.15849056603773584
0.134,0.5515787585217079,0.16666666666666666,0.1510791366906475,0.15849056603773584
0.135,0.5515787585217079,0.16666666666666666,0.1510791366906475,0.15849056603773584
0.136,0.5505706767816563,0.15873015873015872,0.15748031496062992,0.15810276679841898
0.137,0.5505706767816563,0.15873015873015872,0.15748031496062992,0.15810276679841898
0.138,0.5505706767816563,0.15873015873015872,0.15748031496062992,0.15810276679841898
0.139,0.5505706767816563,0.15873015873015872,0.15748031496062992,0.15810276679841898
0.14,0.5505706767816563,0.15873015873015872,0.15748031496062992,0.15810276679841898
0.14100000000000001,0.5505706767816563,0.15873015873015872,0.15748031496062992,0.15810276679841898
0.14200000000000002,0.5529926358774583,0.15873015873015872,0.1694915254237288,0.16393442622950818
0.14300000000000002,0.5529926358774583,0.15873015873015872,0.1694915254237288,0.16393442622950818
0.14400000000000002,0.5529926358774583,0.15873015873015872,0.1694915254237288,0.16393442622950818
0.14500000000000002,0.5529926358774583,0.15873015873015872,0.1694915254237288,0.16393442622950818
0.146,0.5529926358774583,0.15873015873015872,0.1694915254237288,0.16393442622950818
0.147,0.5529926358774583,0.15873015873015872,0.1694915254237288,0.16393442622950818
0.148,0.5482854067353529,0.14285714285714285,0.17307692307692307,0.1565217391304348
0.149,0.5482854067353529,0.14285714285714285,0.17307692307692307,0.1565217391304348
0.15,0.5482854067353529,0.14285714285714285,0.17307692307692307,0.1565217391304348
0.151,0.5482854067353529,0.14285714285714285,0.17307692307692307,0.1565217391304348
0.152,0.5482854067353529,0.14285714285714285,0.17307692307692307,0.1565217391304348
0.153,0.5482854067353529,0.14285714285714285,0.17307692307692307,0.1565217391304348
0.154,0.5482854067353529,0.14285714285714285,0.17307692307692307,0.1565217391304348
0.155,0.5427708578946469,0.12698412698412698,0.17204301075268819,0.1461187214611872
0.156,0.5427708578946469,0.12698412698412698,0.17204301075268819,0.1461187214611872
0.157,0.5427708578946469,0.12698412698412698,0.17204301075268819,0.1461187214611872
0.158,0.5427708578946469,0.12698412698412698,0.17204301075268819,0.1461187214611872
0.159,0.5427708578946469,0.12698412698412698,0.17204301075268819,0.1461187214611872
0.16,0.5427708578946469,0.12698412698412698,0.17204301075268819,0.1461187214611872
0.161,0.5427708578946469,0.12698412698412698,0.17204301075268819,0.1461187214611872
0.162,0.5454619235566491,0.12698412698412698,0.1927710843373494,0.15311004784688995
0.163,0.5454619235566491,0.12698412698412698,0.1927710843373494,0.15311004784688995
0.164,0.5454619235566491,0.12698412698412698,0.1927710843373494,0.15311004784688995
0.165,0.5454619235566491,0.12698412698412698,0.1927710843373494,0.15311004784688995
0.166,0.5454619235566491,0.12698412698412698,0.1927710843373494,0.15311004784688995
0.167,0.5454619235566491,0.12698412698412698,0.1927710843373494,0.15311004784688995
0.168,0.5454619235566491,0.12698412698412698,0.1927710843373494,0.15311004784688995
0.169,0.5428392024193962,0.11904761904761904,0.19480519480519481,0.1477832512315271
0.17,0.5428392024193962,0.11904761904761904,0.19480519480519481,0.1477832512315271
0.171,0.5428392024193962,0.11904761904761904,0.19480519480519481,0.1477832512315271
0.17200000000000001,0.5428392024193962,0.11904761904761904,0.19480519480519481,0.1477832512315271
0.17300000000000001,0.5428392024193962,0.11904761904761904,0.19480519480519481,0.1477832512315271
0.17400000000000002,0.5428392024193962,0.11904761904761904,0.19480519480519481,0.1477832512315271
0.17500000000000002,0.5428392024193962,0.11904761904761904,0.19480519480519481,0.1477832512315271
0.17600000000000002,0.5402164812821433,0.1111111111111111,0.19718309859154928,0.14213197969543148
0.177,0.5402164812821433,0.1111111111111111,0.19718309859154928,0.14213197969543148
0.178,0.5402164812821433,0.1111111111111111,0.19718309859154928,0.14213197969543148
0.179,0.5402164812821433,0.1111111111111111,0.19718309859154928,0.14213197969543148
0.18,0.5402164812821433,0.1111111111111111,0.19718309859154928,0.14213197969543148
0.181,0.5402164812821433,0.1111111111111111,0.19718309859154928,0.14213197969543148
0.182,0.5402164812821433,0.1111111111111111,0.19718309859154928,0.14213197969543148
0.183,0.5397466126744921,0.10317460317460317,0.22807017543859648,0.14207650273224043
0.184,0.5397466126744921,0.10317460317460317,0.22807017543859648,0.14207650273224043
0.185,0.5397466126744921,0.10317460317460317,0.22807017543859648,0.14207650273224043
0.186,0.5397466126744921,0.10317460317460317,0.22807017543859648,0.14207650273224043
0.187,0.5397466126744921,0.10317460317460317,0.22807017543859648,0.14207650273224043
0.188,0.5397466126744921,0.10317460317460317,0.22807017543859648,0.14207650273224043
0.189,0.5397466126744921,0.10317460317460317,0.22807017543859648,0.14207650273224043
0.19,0.5397466126744921,0.10317460317460317,0.22807017543859648,0.14207650273224043
0.191,0.540823038939293,0.10317460317460317,0.24528301886792453,0.1452513966480447
0.192,0.540823038939293,0.10317460317460317,0.24528301886792453,0.1452513966480447
0.193,0.540823038939293,0.10317460317460317,0.24528301886792453,0.1452513966480447
0.194,0.540823038939293,0.10317460317460317,0.24528301886792453,0.1452513966480447
0.195,0.540823038939293,0.10317460317460317,0.24528301886792453,0.1452513966480447
0.196,0.540823038939293,0.10317460317460317,0.24528301886792453,0.1452513966480447
0.197,0.540823038939293,0.10317460317460317,0.24528301886792453,0.1452513966480447
0.198,0.540823038939293,0.10317460317460317,0.24528301886792453,0.1452513966480447
0.199,0.5416303586378937,0.10317460317460317,0.26,0.14772727272727273
0.2,0.5416303586378937,0.10317460317460317,0.26,0.14772727272727273
0.201,0.5416303586378937,0.10317460317460317,0.26,0.14772727272727273
0.202,0.5416303586378937,0.10317460317460317,0.26,0.14772727272727273
0.203,0.5416303586378937,0.10317460317460317,0.26,0.14772727272727273
0.20400000000000001,0.5416303586378937,0.10317460317460317,0.26,0.14772727272727273
0.20500000000000002,0.5416303586378937,0.10317460317460317,0.26,0.14772727272727273
0.20600000000000002,0.5416303586378937,0.10317460317460317,0.26,0.14772727272727273
0.20700000000000002,0.5379312112358399,0.09523809523809523,0.25,0.13793103448275862
0.20800000000000002,0.5379312112358399,0.09523809523809523,0.25,0.13793103448275862
0.20900000000000002,0.5379312112358399,0.09523809523809523,0.25,0.13793103448275862
0.21,0.5379312112358399,0.09523809523809523,0.25,0.13793103448275862
0.211,0.5379312112358399,0.09523809523809523,0.25,0.13793103448275862
0.212,0.5379312112358399,0.09523809523809523,0.25,0.13793103448275862
0.213,0.5379312112358399,0.09523809523809523,0.25,0.13793103448275862
0.214,0.5379312112358399,0.09523809523809523,0.25,0.13793103448275862
0.215,0.5379312112358399,0.09523809523809523,0.25,0.13793103448275862
0.216,0.5392767440668409,0.09523809523809523,0.27906976744186046,0.14201183431952663
0.217,0.5392767440668409,0.09523809523809523,0.27906976744186046,0.14201183431952663
0.218,0.5392767440668409,0.09523809523809523,0.27906976744186046,0.14201183431952663
0.219,0.5392767440668409,0.09523809523809523,0.27906976744186046,0.14201183431952663
0.22,0.5392767440668409,0.09523809523809523,0.27906976744186046,0.14201183431952663
0.221,0.5392767440668409,0.09523809523809523,0.27906976744186046,0.14201183431952663
0.222,0.5392767440668409,0.09523809523809523,0.27906976744186046,0.14201183431952663
0.223,0.5392767440668409,0.09523809523809523,0.27906976744186046,0.14201183431952663
0.224,0.5400840637654416,0.09523809523809523,0.3,0.14457831325301204
0.225,0.5400840637654416,0.09523809523809523,0.3,0.14457831325301204
0.226,0.5400840637654416,0.09523809523809523,0.3,0.14457831325301204
0.227,0.5400840637654416,0.09523809523809523,0.3,0.14457831325301204
0.228,0.5400840637654416,0.09523809523809523,0.3,0.14457831325301204
0.229,0.5400840637654416,0.09523809523809523,0.3,0.14457831325301204
0.23,0.5400840637654416,0.09523809523809523,0.3,0.14457831325301204
0.231,0.5400840637654416,0.09523809523809523,0.3,0.14457831325301204
0.232,0.5400840637654416,0.09523809523809523,0.3,0.14457831325301204
0.233,0.5363849163633878,0.0873015873015873,0.2894736842105263,0.13414634146341464
0.234,0.5363849163633878,0.0873015873015873,0.2894736842105263,0.13414634146341464
0.23500000000000001,0.5363849163633878,0.0873015873015873,0.2894736842105263,0.13414634146341464
0.23600000000000002,0.5363849163633878,0.0873015873015873,0.2894736842105263,0.13414634146341464
0.23700000000000002,0.5363849163633878,0.0873015873015873,0.2894736842105263,0.13414634146341464
0.23800000000000002,0.5363849163633878,0.0873015873015873,0.2894736842105263,0.13414634146341464
0.23900000000000002,0.5363849163633878,0.0873015873015873,0.2894736842105263,0.13414634146341464
0.24000000000000002,0.5363849163633878,0.0873015873015873,0.2894736842105263,0.13414634146341464
0.241,0.5363849163633878,0.0873015873015873,0.2894736842105263,0.13414634146341464
0.242,0.533762195226135,0.07936507936507936,0.3125,0.12658227848101267
0.243,0.533762195226135,0.07936507936507936,0.3125,0.12658227848101267
0.244,0.533762195226135,0.07936507936507936,0.3125,0.12658227848101267
0.245,0.533762195226135,0.07936507936507936,0.3125,0.12658227848101267
0.246,0.533762195226135,0.07936507936507936,0.3125,0.12658227848101267
0.247,0.533762195226135,0.07936507936507936,0.3125,0.12658227848101267
0.248,0.533762195226135,0.07936507936507936,0.3125,0.12658227848101267
0.249,0.533762195226135,0.07936507936507936,0.3125,0.12658227848101267
0.25,0.533762195226135,0.07936507936507936,0.3125,0.12658227848101267
0.251,0.533762195226135,0.07936507936507936,0.3125,0.12658227848101267
0.252,0.5269021135544278,0.06349206349206349,0.3076923076923077,0.10526315789473684
0.253,0.5269021135544278,0.06349206349206349,0.3076923076923077,0.10526315789473684
0.254,0.5269021135544278,0.06349206349206349,0.3076923076923077,0.10526315789473684
0.255,0.5269021135544278,0.06349206349206349,0.3076923076923077,0.10526315789473684
0.256,0.5269021135544278,0.06349206349206349,0.3076923076923077,0.10526315789473684
0.257,0.5269021135544278,0.06349206349206349,0.3076923076923077,0.10526315789473684
0.258,0.5269021135544278,0.06349206349206349,0.3076923076923077,0.10526315789473684
0.259,0.5269021135544278,0.06349206349206349,0.3076923076923077,0.10526315789473684
0.26,0.5269021135544278,0.06349206349206349,0.3076923076923077,0.10526315789473684
0.261,0.5269021135544278,0.06349206349206349,0.3076923076923077,0.10526315789473684
0.262,0.523202966152374,0.05555555555555555,0.2916666666666667,0.09333333333333334
0.263,0.523202966152374,0.05555555555555555,0.2916666666666667,0.09333333333333334
0.264,0.523202966152374,0.05555555555555555,0.2916666666666667,0.09333333333333334
0.265,0.523202966152374,0.05555555555555555,0.2916666666666667,0.09333333333333334
0.266,0.523202966152374,0.05555555555555555,0.2916666666666667,0.09333333333333334
0.267,0.523202966152374,0.05555555555555555,0.2916666666666667,0.09333333333333334
0.268,0.523202966152374,0.05555555555555555,0.2916666666666667,0.09333333333333334
0.269,0.523202966152374,0.05555555555555555,0.2916666666666667,0.09333333333333334
0.27,0.523202966152374,0.05555555555555555,0.2916666666666667,0.09333333333333334
0.271,0.523202966152374,0.05555555555555555,0.2916666666666667,0.09333333333333334
0.272,0.5200420318827208,0.047619047619047616,0.3,0.0821917808219178
0.273,0.5200420318827208,0.047619047619047616,0.3,0.0821917808219178
0.274,0.5200420318827208,0.047619047619047616,0.3,0.0821917808219178
0.275,0.5200420318827208,0.047619047619047616,0.3,0.0821917808219178
0.276,0.5200420318827208,0.047619047619047616,0.3,0.0821917808219178
0.277,0.5200420318827208,0.047619047619047616,0.3,0.0821917808219178
0.278,0.5200420318827208,0.047619047619047616,0.3,0.0821917808219178
0.279,0.5200420318827208,0.047619047619047616,0.3,0.0821917808219178
0.28,0.5200420318827208,0.047619047619047616,0.3,0.0821917808219178
0.281,0.5200420318827208,0.047619047619047616,0.3,0.0821917808219178
0.28200000000000003,0.5205802450151212,0.047619047619047616,0.3333333333333333,0.08333333333333333
0.28300000000000003,0.5205802450151212,0.047619047619047616,0.3333333333333333,0.08333333333333333
0.28400000000000003,0.5205802450151212,0.047619047619047616,0.3333333333333333,0.08333333333333333
0.28500000000000003,0.5205802450151212,0.047619047619047616,0.3333333333333333,0.08333333333333333
0.28600000000000003,0.5205802450151212,0.047619047619047616,0.3333333333333333,0.08333333333333333
0.28700000000000003,0.5205802450151212,0.047619047619047616,0.3333333333333333,0.08333333333333333
0.28800000000000003,0.5205802450151212,0.047619047619047616,0.3333333333333333,0.08333333333333333
0.28900000000000003,0.5205802450151212,0.047619047619047616,0.3333333333333333,0.08333333333333333
0.29,0.5205802450151212,0.047619047619047616,0.3333333333333333,0.08333333333333333
0.291,0.5205802450151212,0.047619047619047616,0.3333333333333333,0.08333333333333333
0.292,0.5205802450151212,0.047619047619047616,0.3333333333333333,0.08333333333333333
0.293,0.5205802450151212,0.047619047619047616,0.3333333333333333,0.08333333333333333
0.294,0.5205802450151212,0.047619047619047616,0.3333333333333333,0.08333333333333333
0.295,0.5205802450151212,0.047619047619047616,0.3333333333333333,0.08333333333333333
0.296,0.5205802450151212,0.047619047619047616,0.3333333333333333,0.08333333333333333
0.297,0.5205802450151212,0.047619047619047616,0.3333333333333333,0.08333333333333333
0.298,0.5205802450151212,0.047619047619047616,0.3333333333333333,0.08333333333333333
0.299,0.5205802450151212,0.047619047619047616,0.3333333333333333,0.08333333333333333
0.3,0.5205802450151212,0.047619047619047616,0.3333333333333333,0.08333333333333333
0.301,0.5205802450151212,0.047619047619047616,0.3333333333333333,0.08333333333333333
0.302,0.5205802450151212,0.047619047619047616,0.3333333333333333,0.08333333333333333
0.303,0.5208493515813214,0.047619047619047616,0.35294117647058826,0.08391608391608392
0.304,0.5208493515813214,0.047619047619047616,0.35294117647058826,0.08391608391608392
0.305,0.5208493515813214,0.047619047619047616,0.35294117647058826,0.08391608391608392
0.306,0.5208493515813214,0.047619047619047616,0.35294117647058826,0.08391608391608392
0.307,0.5208493515813214,0.047619047619047616,0.35294117647058826,0.08391608391608392
0.308,0.5208493515813214,0.047619047619047616,0.35294117647058826,0.08391608391608392
0.309,0.5208493515813214,0.047619047619047616,0.35294117647058826,0.08391608391608392
0.31,0.5208493515813214,0.047619047619047616,0.35294117647058826,0.08391608391608392
0.311,0.5208493515813214,0.047619047619047616,0.35294117647058826,0.08391608391608392
0.312,0.5208493515813214,0.047619047619047616,0.35294117647058826,0.08391608391608392
0.313,0.5208493515813214,0.047619047619047616,0.35294117647058826,0.08391608391608392
0.314,0.5208493515813214,0.047619047619047616,0.35294117647058826,0.08391608391608392
0.315,0.5208493515813214,0.047619047619047616,0.35294117647058826,0.08391608391608392
0.316,0.5208493515813214,0.047619047619047616,0.35294117647058826,0.08391608391608392
0.317,0.5208493515813214,0.047619047619047616,0.35294117647058826,0.08391608391608392
0.318,0.5208493515813214,0.047619047619047616,0.35294117647058826,0.08391608391608392
0.319,0.5208493515813214,0.047619047619047616,0.35294117647058826,0.08391608391608392
0.32,0.5208493515813214,0.047619047619047616,0.35294117647058826,0.08391608391608392
0.321,0.5208493515813214,0.047619047619047616,0.35294117647058826,0.08391608391608392
0.322,0.5208493515813214,0.047619047619047616,0.35294117647058826,0.08391608391608392
0.323,0.5208493515813214,0.047619047619047616,0.35294117647058826,0.08391608391608392
0.324,0.5208493515813214,0.047619047619047616,0.35294117647058826,0.08391608391608392
0.325,0.5208493515813214,0.047619047619047616,0.35294117647058826,0.08391608391608392
0.326,0.5208493515813214,0.047619047619047616,0.35294117647058826,0.08391608391608392
0.327,0.5208493515813214,0.047619047619047616,0.35294117647058826,0.08391608391608392
0.328,0.5208493515813214,0.047619047619047616,0.35294117647058826,0.08391608391608392
0.329,0.5208493515813214,0.047619047619047616,0.35294117647058826,0.08391608391608392
0.33,0.5208493515813214,0.047619047619047616,0.35294117647058826,0.08391608391608392
0.331,0.5208493515813214,0.047619047619047616,0.35294117647058826,0.08391608391608392
0.332,0.5208493515813214,0.047619047619047616,0.35294117647058826,0.08391608391608392
0.333,0.5208493515813214,0.047619047619047616,0.35294117647058826,0.08391608391608392
0.334,0.5208493515813214,0.047619047619047616,0.35294117647058826,0.08391608391608392
0.335,0.5208493515813214,0.047619047619047616,0.35294117647058826,0.08391608391608392
0.336,0.5213875647137218,0.047619047619047616,0.4,0.0851063829787234
0.337,0.5213875647137218,0.047619047619047616,0.4,0.0851063829787234
0.338,0.5213875647137218,0.047619047619047616,0.4,0.0851063829787234
0.339,0.5213875647137218,0.047619047619047616,0.4,0.0851063829787234
0.34,0.5213875647137218,0.047619047619047616,0.4,0.0851063829787234
0.341,0.5213875647137218,0.047619047619047616,0.4,0.0851063829787234
0.342,0.5213875647137218,0.047619047619047616,0.4,0.0851063829787234
0.343,0.5213875647137218,0.047619047619047616,0.4,0.0851063829787234
0.34400000000000003,0.5213875647137218,0.047619047619047616,0.4,0.0851063829787234
0.34500000000000003,0.5213875647137218,0.047619047619047616,0.4,0.0851063829787234
0.34600000000000003,0.5213875647137218,0.047619047619047616,0.4,0.0851063829787234
0.34700000000000003,0.5216566712799221,0.047619047619047616,0.42857142857142855,0.08571428571428572
0.34800000000000003,0.5216566712799221,0.047619047619047616,0.42857142857142855,0.08571428571428572
0.34900000000000003,0.5216566712799221,0.047619047619047616,0.42857142857142855,0.08571428571428572
0.35000000000000003,0.5216566712799221,0.047619047619047616,0.42857142857142855,0.08571428571428572
0.35100000000000003,0.5216566712799221,0.047619047619047616,0.42857142857142855,0.08571428571428572
0.35200000000000004,0.5216566712799221,0.047619047619047616,0.42857142857142855,0.08571428571428572
0.353,0.5216566712799221,0.047619047619047616,0.42857142857142855,0.08571428571428572
0.354,0.5216566712799221,0.047619047619047616,0.42857142857142855,0.08571428571428572
0.355,0.5216566712799221,0.047619047619047616,0.42857142857142855,0.08571428571428572
0.356,0.5216566712799221,0.047619047619047616,0.42857142857142855,0.08571428571428572
0.357,0.5216566712799221,0.047619047619047616,0.42857142857142855,0.08571428571428572
0.358,0.5216566712799221,0.047619047619047616,0.42857142857142855,0.08571428571428572
0.359,0.5216566712799221,0.047619047619047616,0.42857142857142855,0.08571428571428572
0.36,0.5216566712799221,0.047619047619047616,0.42857142857142855,0.08571428571428572
0.361,0.5216566712799221,0.047619047619047616,0.42857142857142855,0.08571428571428572
0.362,0.5216566712799221,0.047619047619047616,0.42857142857142855,0.08571428571428572
0.363,0.5216566712799221,0.047619047619047616,0.42857142857142855,0.08571428571428572
0.364,0.5216566712799221,0.047619047619047616,0.42857142857142855,0.08571428571428572
0.365,0.5216566712799221,0.047619047619047616,0.42857142857142855,0.08571428571428572
0.366,0.5216566712799221,0.047619047619047616,0.42857142857142855,0.08571428571428572
0.367,0.5216566712799221,0.047619047619047616,0.42857142857142855,0.08571428571428572
0.368,0.5216566712799221,0.047619047619047616,0.42857142857142855,0.08571428571428572
0.369,0.5216566712799221,0.047619047619047616,0.42857142857142855,0.08571428571428572
0.37,0.5216566712799221,0.047619047619047616,0.42857142857142855,0.08571428571428572
0.371,0.5219257778461223,0.047619047619047616,0.46153846153846156,0.08633093525179857
0.372,0.5219257778461223,0.047619047619047616,0.46153846153846156,0.08633093525179857
0.373,0.5219257778461223,0.047619047619047616,0.46153846153846156,0.08633093525179857
0.374,0.5219257778461223,0.047619047619047616,0.46153846153846156,0.08633093525179857
0.375,0.5219257778461223,0.047619047619047616,0.46153846153846156,0.08633093525179857
0.376,0.5219257778461223,0.047619047619047616,0.46153846153846156,0.08633093525179857
0.377,0.5219257778461223,0.047619047619047616,0.46153846153846156,0.08633093525179857
0.378,0.5219257778461223,0.047619047619047616,0.46153846153846156,0.08633093525179857
0.379,0.5219257778461223,0.047619047619047616,0.46153846153846156,0.08633093525179857
0.38,0.5219257778461223,0.047619047619047616,0.46153846153846156,0.08633093525179857
0.381,0.5219257778461223,0.047619047619047616,0.46153846153846156,0.08633093525179857
0.382,0.5219257778461223,0.047619047619047616,0.46153846153846156,0.08633093525179857
0.383,0.5219257778461223,0.047619047619047616,0.46153846153846156,0.08633093525179857
0.384,0.5219257778461223,0.047619047619047616,0.46153846153846156,0.08633093525179857
0.385,0.5219257778461223,0.047619047619047616,0.46153846153846156,0.08633093525179857
0.386,0.5219257778461223,0.047619047619047616,0.46153846153846156,0.08633093525179857
0.387,0.5219257778461223,0.047619047619047616,0.46153846153846156,0.08633093525179857
0.388,0.5219257778461223,0.047619047619047616,0.46153846153846156,0.08633093525179857
0.389,0.5219257778461223,0.047619047619047616,0.46153846153846156,0.08633093525179857
0.39,0.5219257778461223,0.047619047619047616,0.46153846153846156,0.08633093525179857
0.391,0.5219257778461223,0.047619047619047616,0.46153846153846156,0.08633093525179857
0.392,0.5219257778461223,0.047619047619047616,0.46153846153846156,0.08633093525179857
0.393,0.5219257778461223,0.047619047619047616,0.46153846153846156,0.08633093525179857
0.394,0.5219257778461223,0.047619047619047616,0.46153846153846156,0.08633093525179857
0.395,0.5221948844123225,0.047619047619047616,0.5,0.08695652173913043
0.396,0.5221948844123225,0.047619047619047616,0.5,0.08695652173913043
0.397,0.5221948844123225,0.047619047619047616,0.5,0.08695652173913043
0.398,0.5221948844123225,0.047619047619047616,0.5,0.08695652173913043
0.399,0.5221948844123225,0.047619047619047616,0.5,0.08695652173913043
0.4,0.5221948844123225,0.047619047619047616,0.5,0.08695652173913043
0.401,0.5221948844123225,0.047619047619047616,0.5,0.08695652173913043
0.402,0.5221948844123225,0.047619047619047616,0.5,0.08695652173913043
0.403,0.5221948844123225,0.047619047619047616,0.5,0.08695652173913043
0.404,0.5221948844123225,0.047619047619047616,0.5,0.08695652173913043
0.405,0.5221948844123225,0.047619047619047616,0.5,0.08695652173913043
0.406,0.5221948844123225,0.047619047619047616,0.5,0.08695652173913043
0.40700000000000003,0.5224639909785227,0.047619047619047616,0.5454545454545454,0.08759124087591241
0.40800000000000003,0.5224639909785227,0.047619047619047616,0.5454545454545454,0.08759124087591241
0.40900000000000003,0.5224639909785227,0.047619047619047616,0.5454545454545454,0.08759124087591241
0.41000000000000003,0.5224639909785227,0.047619047619047616,0.5454545454545454,0.08759124087591241
0.41100000000000003,0.5224639909785227,0.047619047619047616,0.5454545454545454,0.08759124087591241
0.41200000000000003,0.5224639909785227,0.047619047619047616,0.5454545454545454,0.08759124087591241
0.41300000000000003,0.5224639909785227,0.047619047619047616,0.5454545454545454,0.08759124087591241
0.41400000000000003,0.5224639909785227,0.047619047619047616,0.5454545454545454,0.08759124087591241
0.41500000000000004,0.5224639909785227,0.047619047619047616,0.5454545454545454,0.08759124087591241
0.41600000000000004,0.5224639909785227,0.047619047619047616,0.5454545454545454,0.08759124087591241
0.41700000000000004,0.5224639909785227,0.047619047619047616,0.5454545454545454,0.08759124087591241
0.418,0.5224639909785227,0.047619047619047616,0.5454545454545454,0.08759124087591241
0.419,0.510828335639961,0.023809523809523808,0.42857142857142855,0.045112781954887216
0.42,0.510828335639961,0.023809523809523808,0.42857142857142855,0.045112781954887216
0.421,0.510828335639961,0.023809523809523808,0.42857142857142855,0.045112781954887216
0.422,0.510828335639961,0.023809523809523808,0.42857142857142855,0.045112781954887216
0.423,0.510828335639961,0.023809523809523808,0.42857142857142855,0.045112781954887216
0.424,0.510828335639961,0.023809523809523808,0.42857142857142855,0.045112781954887216
0.425,0.510828335639961,0.023809523809523808,0.42857142857142855,0.045112781954887216
0.426,0.510828335639961,0.023809523809523808,0.42857142857142855,0.045112781954887216
0.427,0.510828335639961,0.023809523809523808,0.42857142857142855,0.045112781954887216
0.428,0.510828335639961,0.023809523809523808,0.42857142857142855,0.045112781954887216
0.429,0.510828335639961,0.023809523809523808,0.42857142857142855,0.045112781954887216
0.43,0.510828335639961,0.023809523809523808,0.42857142857142855,0.045112781954887216
0.431,0.510828335639961,0.023809523809523808,0.42857142857142855,0.045112781954887216
0.432,0.5071291882379073,0.015873015873015872,0.4,0.030534351145038167
0.433,0.5071291882379073,0.015873015873015872,0.4,0.030534351145038167
0.434,0.5071291882379073,0.015873015873015872,0.4,0.030534351145038167
0.435,0.5071291882379073,0.015873015873015872,0.4,0.030534351145038167
0.436,0.5071291882379073,0.015873015873015872,0.4,0.030534351145038167
0.437,0.5071291882379073,0.015873015873015872,0.4,0.030534351145038167
0.438,0.5071291882379073,0.015873015873015872,0.4,0.030534351145038167
0.439,0.5071291882379073,0.015873015873015872,0.4,0.030534351145038167
0.44,0.5071291882379073,0.015873015873015872,0.4,0.030534351145038167
0.441,0.5071291882379073,0.015873015873015872,0.4,0.030534351145038167
0.442,0.5071291882379073,0.015873015873015872,0.4,0.030534351145038167
0.443,0.5071291882379073,0.015873015873015872,0.4,0.030534351145038167
0.444,0.5073982948041075,0.015873015873015872,0.5,0.03076923076923077
0.445,0.5073982948041075,0.015873015873015872,0.5,0.03076923076923077
0.446,0.5073982948041075,0.015873015873015872,0.5,0.03076923076923077
0.447,0.5073982948041075,0.015873015873015872,0.5,0.03076923076923077
0.448,0.5073982948041075,0.015873015873015872,0.5,0.03076923076923077
0.449,0.5073982948041075,0.015873015873015872,0.5,0.03076923076923077
0.45,0.5073982948041075,0.015873015873015872,0.5,0.03076923076923077
0.451,0.5073982948041075,0.015873015873015872,0.5,0.03076923076923077
0.452,0.5073982948041075,0.015873015873015872,0.5,0.03076923076923077
0.453,0.5073982948041075,0.015873015873015872,0.5,0.03076923076923077
0.454,0.5073982948041075,0.015873015873015872,0.5,0.03076923076923077
0.455,0.5073982948041075,0.015873015873015872,0.5,0.03076923076923077
0.456,0.5073982948041075,0.015873015873015872,0.5,0.03076923076923077
0.457,0.5034300408358535,0.007936507936507936,0.3333333333333333,0.015503875968992248
0.458,0.5034300408358535,0.007936507936507936,0.3333333333333333,0.015503875968992248
0.459,0.5034300408358535,0.007936507936507936,0.3333333333333333,0.015503875968992248
0.46,0.5034300408358535,0.007936507936507936,0.3333333333333333,0.015503875968992248
0.461,0.5034300408358535,0.007936507936507936,0.3333333333333333,0.015503875968992248
0.462,0.5034300408358535,0.007936507936507936,0.3333333333333333,0.015503875968992248
0.463,0.5034300408358535,0.007936507936507936,0.3333333333333333,0.015503875968992248
0.464,0.5034300408358535,0.007936507936507936,0.3333333333333333,0.015503875968992248
0.465,0.5034300408358535,0.007936507936507936,0.3333333333333333,0.015503875968992248
0.466,0.5034300408358535,0.007936507936507936,0.3333333333333333,0.015503875968992248
0.467,0.5034300408358535,0.007936507936507936,0.3333333333333333,0.015503875968992248
0.468,0.5034300408358535,0.007936507936507936,0.3333333333333333,0.015503875968992248
0.46900000000000003,0.5034300408358535,0.007936507936507936,0.3333333333333333,0.015503875968992248
0.47000000000000003,0.5034300408358535,0.007936507936507936,0.3333333333333333,0.015503875968992248
0.47100000000000003,0.5034300408358535,0.007936507936507936,0.3333333333333333,0.015503875968992248
0.47200000000000003,0.5034300408358535,0.007936507936507936,0.3333333333333333,0.015503875968992248
0.47300000000000003,0.5034300408358535,0.007936507936507936,0.3333333333333333,0.015503875968992248
0.47400000000000003,0.5034300408358535,0.007936507936507936,0.3333333333333333,0.015503875968992248
0.47500000000000003,0.5034300408358535,0.007936507936507936,0.3333333333333333,0.015503875968992248
0.47600000000000003,0.5034300408358535,0.007936507936507936,0.3333333333333333,0.015503875968992248
0.47700000000000004,0.5034300408358535,0.007936507936507936,0.3333333333333333,0.015503875968992248
0.47800000000000004,0.5034300408358535,0.007936507936507936,0.3333333333333333,0.015503875968992248
0.47900000000000004,0.5034300408358535,0.007936507936507936,0.3333333333333333,0.015503875968992248
0.48000000000000004,0.5034300408358535,0.007936507936507936,0.3333333333333333,0.015503875968992248
0.481,0.5034300408358535,0.007936507936507936,0.3333333333333333,0.015503875968992248
0.482,0.5034300408358535,0.007936507936507936,0.3333333333333333,0.015503875968992248
0.483,0.5034300408358535,0.007936507936507936,0.3333333333333333,0.015503875968992248
0.484,0.5034300408358535,0.007936507936507936,0.3333333333333333,0.015503875968992248
0.485,0.5034300408358535,0.007936507936507936,0.3333333333333333,0.015503875968992248
0.486,0.5034300408358535,0.007936507936507936,0.3333333333333333,0.015503875968992248
0.487,0.5034300408358535,0.007936507936507936,0.3333333333333333,0.015503875968992248
0.488,0.5034300408358535,0.007936507936507936,0.3333333333333333,0.015503875968992248
0.489,0.5034300408358535,0.007936507936507936,0.3333333333333333,0.015503875968992248
0.49,0.5034300408358535,0.007936507936507936,0.3333333333333333,0.015503875968992248
0.491,0.5034300408358535,0.007936507936507936,0.3333333333333333,0.015503875968992248
0.492,0.5034300408358535,0.007936507936507936,0.3333333333333333,0.015503875968992248
0.493,0.5034300408358535,0.007936507936507936,0.3333333333333333,0.015503875968992248
0.494,0.5034300408358535,0.007936507936507936,0.3333333333333333,0.015503875968992248
0.495,0.5034300408358535,0.007936507936507936,0.3333333333333333,0.015503875968992248
0.496,0.5034300408358535,0.007936507936507936,0.3333333333333333,0.015503875968992248
0.497,0.5034300408358535,0.007936507936507936,0.3333333333333333,0.015503875968992248
0.498,0.5034300408358535,0.007936507936507936,0.3333333333333333,0.015503875968992248
0.499,0.5034300408358535,0.007936507936507936,0.3333333333333333,0.015503875968992248
0.5,0.5034300408358535,0.007936507936507936,0.3333333333333333,0.015503875968992248
0.501,0.5034300408358535,0.007936507936507936,0.3333333333333333,0.015503875968992248
0.502,0.5034300408358535,0.007936507936507936,0.3333333333333333,0.015503875968992248
0.503,0.5034300408358535,0.007936507936507936,0.3333333333333333,0.015503875968992248
0.504,0.5034300408358535,0.007936507936507936,0.3333333333333333,0.015503875968992248
0.505,0.5034300408358535,0.007936507936507936,0.3333333333333333,0.015503875968992248
0.506,0.5034300408358535,0.007936507936507936,0.3333333333333333,0.015503875968992248
0.507,0.5034300408358535,0.007936507936507936,0.3333333333333333,0.015503875968992248
0.508,0.5034300408358535,0.007936507936507936,0.3333333333333333,0.015503875968992248
0.509,0.5034300408358535,0.007936507936507936,0.3333333333333333,0.015503875968992248
0.51,0.5034300408358535,0.007936507936507936,0.3333333333333333,0.015503875968992248
0.511,0.5034300408358535,0.007936507936507936,0.3333333333333333,0.015503875968992248
0.512,0.5034300408358535,0.007936507936507936,0.3333333333333333,0.015503875968992248
0.513,0.5034300408358535,0.007936507936507936,0.3333333333333333,0.015503875968992248
0.514,0.5034300408358535,0.007936507936507936,0.3333333333333333,0.015503875968992248
0.515,0.5034300408358535,0.007936507936507936,0.3333333333333333,0.015503875968992248
0.516,0.5034300408358535,0.007936507936507936,0.3333333333333333,0.015503875968992248
0.517,0.5034300408358535,0.007936507936507936,0.3333333333333333,0.015503875968992248
0.518,0.5034300408358535,0.007936507936507936,0.3333333333333333,0.015503875968992248
0.519,0.5034300408358535,0.007936507936507936,0.3333333333333333,0.015503875968992248
0.52,0.5036991474020538,0.007936507936507936,0.5,0.015625
0.521,0.5036991474020538,0.007936507936507936,0.5,0.015625
0.522,0.5036991474020538,0.007936507936507936,0.5,0.015625
0.523,0.5036991474020538,0.007936507936507936,0.5,0.015625
0.524,0.5036991474020538,0.007936507936507936,0.5,0.015625
0.525,0.5036991474020538,0.007936507936507936,0.5,0.015625
0.526,0.5036991474020538,0.007936507936507936,0.5,0.015625
0.527,0.5036991474020538,0.007936507936507936,0.5,0.015625
0.528,0.5036991474020538,0.007936507936507936,0.5,0.015625
0.529,0.5036991474020538,0.007936507936507936,0.5,0.015625
0.53,0.5036991474020538,0.007936507936507936,0.5,0.015625
0.531,0.5036991474020538,0.007936507936507936,0.5,0.015625
0.532,0.5036991474020538,0.007936507936507936,0.5,0.015625
0.533,0.5036991474020538,0.007936507936507936,0.5,0.015625
0.534,0.5036991474020538,0.007936507936507936,0.5,0.015625
0.535,0.5036991474020538,0.007936507936507936,0.5,0.015625
0.536,0.5036991474020538,0.007936507936507936,0.5,0.015625
0.537,0.5036991474020538,0.007936507936507936,0.5,0.015625
0.538,0.5036991474020538,0.007936507936507936,0.5,0.015625
0.539,0.5036991474020538,0.007936507936507936,0.5,0.015625
0.54,0.5036991474020538,0.007936507936507936,0.5,0.015625
0.541,0.5036991474020538,0.007936507936507936,0.5,0.015625
0.542,0.5036991474020538,0.007936507936507936,0.5,0.015625
0.543,0.5036991474020538,0.007936507936507936,0.5,0.015625
0.544,0.5036991474020538,0.007936507936507936,0.5,0.015625
0.545,0.5036991474020538,0.007936507936507936,0.5,0.015625
0.546,0.5036991474020538,0.007936507936507936,0.5,0.015625
0.547,0.5036991474020538,0.007936507936507936,0.5,0.015625
0.548,0.5036991474020538,0.007936507936507936,0.5,0.015625
0.549,0.5036991474020538,0.007936507936507936,0.5,0.015625
0.55,0.5036991474020538,0.007936507936507936,0.5,0.015625
0.551,0.5036991474020538,0.007936507936507936,0.5,0.015625
0.552,0.5036991474020538,0.007936507936507936,0.5,0.015625
0.553,0.5036991474020538,0.007936507936507936,0.5,0.015625
0.554,0.5036991474020538,0.007936507936507936,0.5,0.015625
0.555,0.5036991474020538,0.007936507936507936,0.5,0.015625
0.556,0.5036991474020538,0.007936507936507936,0.5,0.015625
0.557,0.5036991474020538,0.007936507936507936,0.5,0.015625
0.558,0.5036991474020538,0.007936507936507936,0.5,0.015625
0.559,0.5036991474020538,0.007936507936507936,0.5,0.015625
0.56,0.5036991474020538,0.007936507936507936,0.5,0.015625
0.561,0.5036991474020538,0.007936507936507936,0.5,0.015625
0.562,0.5036991474020538,0.007936507936507936,0.5,0.015625
0.5630000000000001,0.5036991474020538,0.007936507936507936,0.5,0.015625
0.5640000000000001,0.5036991474020538,0.007936507936507936,0.5,0.015625
0.5650000000000001,0.5036991474020538,0.007936507936507936,0.5,0.015625
0.5660000000000001,0.5036991474020538,0.007936507936507936,0.5,0.015625
0.5670000000000001,0.5036991474020538,0.007936507936507936,0.5,0.015625
0.5680000000000001,0.5036991474020538,0.007936507936507936,0.5,0.015625
0.5690000000000001,0.5036991474020538,0.007936507936507936,0.5,0.015625
0.5700000000000001,0.5036991474020538,0.007936507936507936,0.5,0.015625
0.5710000000000001,0.5036991474020538,0.007936507936507936,0.5,0.015625
0.5720000000000001,0.5036991474020538,0.007936507936507936,0.5,0.015625
0.5730000000000001,0.5036991474020538,0.007936507936507936,0.5,0.015625
0.5740000000000001,0.5036991474020538,0.007936507936507936,0.5,0.015625
0.5750000000000001,0.5036991474020538,0.007936507936507936,0.5,0.015625
0.5760000000000001,0.5036991474020538,0.007936507936507936,0.5,0.015625
0.5770000000000001,0.5036991474020538,0.007936507936507936,0.5,0.015625
0.578,0.5036991474020538,0.007936507936507936,0.5,0.015625
0.579,0.5036991474020538,0.007936507936507936,0.5,0.015625
0.58,0.5036991474020538,0.007936507936507936,0.5,0.015625
0.581,0.5036991474020538,0.007936507936507936,0.5,0.015625
0.582,0.5036991474020538,0.007936507936507936,0.5,0.015625
0.583,0.4997308934337998,0.0,0.0,0.0
0.584,0.4997308934337998,0.0,0.0,0.0
0.585,0.4997308934337998,0.0,0.0,0.0
0.586,0.4997308934337998,0.0,0.0,0.0
0.587,0.4997308934337998,0.0,0.0,0.0
0.588,0.4997308934337998,0.0,0.0,0.0
0.589,0.4997308934337998,0.0,0.0,0.0
0.59,0.4997308934337998,0.0,0.0,0.0
0.591,0.4997308934337998,0.0,0.0,0.0
0.592,0.4997308934337998,0.0,0.0,0.0
0.593,0.4997308934337998,0.0,0.0,0.0
0.594,0.4997308934337998,0.0,0.0,0.0
0.595,0.4997308934337998,0.0,0.0,0.0
0.596,0.4997308934337998,0.0,0.0,0.0
0.597,0.4997308934337998,0.0,0.0,0.0
0.598,0.4997308934337998,0.0,0.0,0.0
0.599,0.4997308934337998,0.0,0.0,0.0
0.6,0.4997308934337998,0.0,0.0,0.0
0.601,0.4997308934337998,0.0,0.0,0.0
0.602,0.4997308934337998,0.0,0.0,0.0
0.603,0.4997308934337998,0.0,0.0,0.0
0.604,0.4997308934337998,0.0,0.0,0.0
0.605,0.4997308934337998,0.0,0.0,0.0
0.606,0.4997308934337998,0.0,0.0,0.0
0.607,0.4997308934337998,0.0,0.0,0.0
0.608,0.4997308934337998,0.0,0.0,0.0
0.609,0.4997308934337998,0.0,0.0,0.0
0.61,0.4997308934337998,0.0,0.0,0.0
0.611,0.4997308934337998,0.0,0.0,0.0
0.612,0.4997308934337998,0.0,0.0,0.0
0.613,0.4997308934337998,0.0,0.0,0.0
0.614,0.4997308934337998,0.0,0.0,0.0
0.615,0.4997308934337998,0.0,0.0,0.0
0.616,0.4997308934337998,0.0,0.0,0.0
0.617,0.4997308934337998,0.0,0.0,0.0
0.618,0.4997308934337998,0.0,0.0,0.0
0.619,0.5,0.0,0.0,0.0
0.62,0.5,0.0,0.0,0.0
0.621,0.5,0.0,0.0,0.0
0.622,0.5,0.0,0.0,0.0
0.623,0.5,0.0,0.0,0.0
0.624,0.5,0.0,0.0,0.0
0.625,0.5,0.0,0.0,0.0
0.626,0.5,0.0,0.0,0.0
0.627,0.5,0.0,0.0,0.0
0.628,0.5,0.0,0.0,0.0
0.629,0.5,0.0,0.0,0.0
0.63,0.5,0.0,0.0,0.0
0.631,0.5,0.0,0.0,0.0
0.632,0.5,0.0,0.0,0.0
0.633,0.5,0.0,0.0,0.0
0.634,0.5,0.0,0.0,0.0
0.635,0.5,0.0,0.0,0.0
0.636,0.5,0.0,0.0,0.0
0.637,0.5,0.0,0.0,0.0
0.638,0.5,0.0,0.0,0.0
0.639,0.5,0.0,0.0,0.0
0.64,0.5,0.0,0.0,0.0
0.641,0.5,0.0,0.0,0.0
0.642,0.5,0.0,0.0,0.0
0.643,0.5,0.0,0.0,0.0
0.644,0.5,0.0,0.0,0.0
0.645,0.5,0.0,0.0,0.0
0.646,0.5,0.0,0.0,0.0
0.647,0.5,0.0,0.0,0.0
0.648,0.5,0.0,0.0,0.0
0.649,0.5,0.0,0.0,0.0
0.65,0.5,0.0,0.0,0.0
0.651,0.5,0.0,0.0,0.0
0.652,0.5,0.0,0.0,0.0
0.653,0.5,0.0,0.0,0.0
0.654,0.5,0.0,0.0,0.0
0.655,0.5,0.0,0.0,0.0
0.656,0.5,0.0,0.0,0.0
0.657,0.5,0.0,0.0,0.0
0.658,0.5,0.0,0.0,0.0
0.659,0.5,0.0,0.0,0.0
0.66,0.5,0.0,0.0,0.0
0.661,0.5,0.0,0.0,0.0
0.662,0.5,0.0,0.0,0.0
0.663,0.5,0.0,0.0,0.0
0.664,0.5,0.0,0.0,0.0
0.665,0.5,0.0,0.0,0.0
0.666,0.5,0.0,0.0,0.0
0.667,0.5,0.0,0.0,0.0
0.668,0.5,0.0,0.0,0.0
0.669,0.5,0.0,0.0,0.0
0.67,0.5,0.0,0.0,0.0
0.671,0.5,0.0,0.0,0.0
0.672,0.5,0.0,0.0,0.0
0.673,0.5,0.0,0.0,0.0
0.674,0.5,0.0,0.0,0.0
0.675,0.5,0.0,0.0,0.0
0.676,0.5,0.0,0.0,0.0
0.677,0.5,0.0,0.0,0.0
0.678,0.5,0.0,0.0,0.0
0.679,0.5,0.0,0.0,0.0
0.68,0.5,0.0,0.0,0.0
0.681,0.5,0.0,0.0,0.0
0.682,0.5,0.0,0.0,0.0
0.683,0.5,0.0,0.0,0.0
0.684,0.5,0.0,0.0,0.0
0.685,0.5,0.0,0.0,0.0
0.686,0.5,0.0,0.0,0.0
0.687,0.5,0.0,0.0,0.0
0.6880000000000001,0.5,0.0,0.0,0.0
0.6890000000000001,0.5,0.0,0.0,0.0
0.6900000000000001,0.5,0.0,0.0,0.0
0.6910000000000001,0.5,0.0,0.0,0.0
0.6920000000000001,0.5,0.0,0.0,0.0
0.6930000000000001,0.5,0.0,0.0,0.0
0.6940000000000001,0.5,0.0,0.0,0.0
0.6950000000000001,0.5,0.0,0.0,0.0
0.6960000000000001,0.5,0.0,0.0,0.0
0.6970000000000001,0.5,0.0,0.0,0.0
0.6980000000000001,0.5,0.0,0.0,0.0
0.6990000000000001,0.5,0.0,0.0,0.0
0.7000000000000001,0.5,0.0,0.0,0.0
0.7010000000000001,0.5,0.0,0.0,0.0
0.7020000000000001,0.5,0.0,0.0,0.0
0.7030000000000001,0.5,0.0,0.0,0.0
0.7040000000000001,0.5,0.0,0.0,0.0
0.705,0.5,0.0,0.0,0.0
0.706,0.5,0.0,0.0,0.0
0.707,0.5,0.0,0.0,0.0
0.708,0.5,0.0,0.0,0.0
0.709,0.5,0.0,0.0,0.0
0.71,0.5,0.0,0.0,0.0
0.711,0.5,0.0,0.0,0.0
0.712,0.5,0.0,0.0,0.0
0.713,0.5,0.0,0.0,0.0
0.714,0.5,0.0,0.0,0.0
0.715,0.5,0.0,0.0,0.0
0.716,0.5,0.0,0.0,0.0
0.717,0.5,0.0,0.0,0.0
0.718,0.5,0.0,0.0,0.0
0.719,0.5,0.0,0.0,0.0
0.72,0.5,0.0,0.0,0.0
0.721,0.5,0.0,0.0,0.0
0.722,0.5,0.0,0.0,0.0
0.723,0.5,0.0,0.0,0.0
0.724,0.5,0.0,0.0,0.0
0.725,0.5,0.0,0.0,0.0
0.726,0.5,0.0,0.0,0.0
0.727,0.5,0.0,0.0,0.0
0.728,0.5,0.0,0.0,0.0
0.729,0.5,0.0,0.0,0.0
0.73,0.5,0.0,0.0,0.0
0.731,0.5,0.0,0.0,0.0
0.732,0.5,0.0,0.0,0.0
0.733,0.5,0.0,0.0,0.0
0.734,0.5,0.0,0.0,0.0
0.735,0.5,0.0,0.0,0.0
0.736,0.5,0.0,0.0,0.0
0.737,0.5,0.0,0.0,0.0
0.738,0.5,0.0,0.0,0.0
0.739,0.5,0.0,0.0,0.0
0.74,0.5,0.0,0.0,0.0
0.741,0.5,0.0,0.0,0.0
0.742,0.5,0.0,0.0,0.0
0.743,0.5,0.0,0.0,0.0
0.744,0.5,0.0,0.0,0.0
0.745,0.5,0.0,0.0,0.0
0.746,0.5,0.0,0.0,0.0
0.747,0.5,0.0,0.0,0.0
0.748,0.5,0.0,0.0,0.0
0.749,0.5,0.0,0.0,0.0
0.75,0.5,0.0,0.0,0.0
0.751,0.5,0.0,0.0,0.0
0.752,0.5,0.0,0.0,0.0
0.753,0.5,0.0,0.0,0.0
0.754,0.5,0.0,0.0,0.0
0.755,0.5,0.0,0.0,0.0
0.756,0.5,0.0,0.0,0.0
0.757,0.5,0.0,0.0,0.0
0.758,0.5,0.0,0.0,0.0
0.759,0.5,0.0,0.0,0.0
0.76,0.5,0.0,0.0,0.0
0.761,0.5,0.0,0.0,0.0
0.762,0.5,0.0,0.0,0.0
0.763,0.5,0.0,0.0,0.0
0.764,0.5,0.0,0.0,0.0
0.765,0.5,0.0,0.0,0.0
0.766,0.5,0.0,0.0,0.0
0.767,0.5,0.0,0.0,0.0
0.768,0.5,0.0,0.0,0.0
0.769,0.5,0.0,0.0,0.0
0.77,0.5,0.0,0.0,0.0
0.771,0.5,0.0,0.0,0.0
0.772,0.5,0.0,0.0,0.0
0.773,0.5,0.0,0.0,0.0
0.774,0.5,0.0,0.0,0.0
0.775,0.5,0.0,0.0,0.0
0.776,0.5,0.0,0.0,0.0
0.777,0.5,0.0,0.0,0.0
0.778,0.5,0.0,0.0,0.0
0.779,0.5,0.0,0.0,0.0
0.78,0.5,0.0,0.0,0.0
0.781,0.5,0.0,0.0,0.0
0.782,0.5,0.0,0.0,0.0
0.783,0.5,0.0,0.0,0.0
0.784,0.5,0.0,0.0,0.0
0.785,0.5,0.0,0.0,0.0
0.786,0.5,0.0,0.0,0.0
0.787,0.5,0.0,0.0,0.0
0.788,0.5,0.0,0.0,0.0
0.789,0.5,0.0,0.0,0.0
0.79,0.5,0.0,0.0,0.0
0.791,0.5,0.0,0.0,0.0
0.792,0.5,0.0,0.0,0.0
0.793,0.5,0.0,0.0,0.0
0.794,0.5,0.0,0.0,0.0
0.795,0.5,0.0,0.0,0.0
0.796,0.5,0.0,0.0,0.0
0.797,0.5,0.0,0.0,0.0
0.798,0.5,0.0,0.0,0.0
0.799,0.5,0.0,0.0,0.0
0.8,0.5,0.0,0.0,0.0
0.801,0.5,0.0,0.0,0.0
0.802,0.5,0.0,0.0,0.0
0.803,0.5,0.0,0.0,0.0
0.804,0.5,0.0,0.0,0.0
0.805,0.5,0.0,0.0,0.0
0.806,0.5,0.0,0.0,0.0
0.807,0.5,0.0,0.0,0.0
0.808,0.5,0.0,0.0,0.0
0.809,0.5,0.0,0.0,0.0
0.81,0.5,0.0,0.0,0.0
0.811,0.5,0.0,0.0,0.0
0.812,0.5,0.0,0.0,0.0
0.8130000000000001,0.5,0.0,0.0,0.0
0.8140000000000001,0.5,0.0,0.0,0.0
0.8150000000000001,0.5,0.0,0.0,0.0
0.8160000000000001,0.5,0.0,0.0,0.0
0.8170000000000001,0.5,0.0,0.0,0.0
0.8180000000000001,0.5,0.0,0.0,0.0
0.8190000000000001,0.5,0.0,0.0,0.0
0.8200000000000001,0.5,0.0,0.0,0.0
0.8210000000000001,0.5,0.0,0.0,0.0
0.8220000000000001,0.5,0.0,0.0,0.0
0.8230000000000001,0.5,0.0,0.0,0.0
0.8240000000000001,0.5,0.0,0.0,0.0
0.8250000000000001,0.5,0.0,0.0,0.0
0.8260000000000001,0.5,0.0,0.0,0.0
0.8270000000000001,0.5,0.0,0.0,0.0
0.8280000000000001,0.5,0.0,0.0,0.0
0.8290000000000001,0.5,0.0,0.0,0.0
0.8300000000000001,0.5,0.0,0.0,0.0
0.8310000000000001,0.5,0.0,0.0,0.0
0.8320000000000001,0.5,0.0,0.0,0.0
0.8330000000000001,0.5,0.0,0.0,0.0
0.834,0.5,0.0,0.0,0.0
0.835,0.5,0.0,0.0,0.0
0.836,0.5,0.0,0.0,0.0
0.837,0.5,0.0,0.0,0.0
0.838,0.5,0.0,0.0,0.0
0.839,0.5,0.0,0.0,0.0
0.84,0.5,0.0,0.0,0.0
0.841,0.5,0.0,0.0,0.0
0.842,0.5,0.0,0.0,0.0
0.843,0.5,0.0,0.0,0.0
0.844,0.5,0.0,0.0,0.0
0.845,0.5,0.0,0.0,0.0
0.846,0.5,0.0,0.0,0.0
0.847,0.5,0.0,0.0,0.0
0.848,0.5,0.0,0.0,0.0
0.849,0.5,0.0,0.0,0.0
0.85,0.5,0.0,0.0,0.0
0.851,0.5,0.0,0.0,0.0
0.852,0.5,0.0,0.0,0.0
0.853,0.5,0.0,0.0,0.0
0.854,0.5,0.0,0.0,0.0
0.855,0.5,0.0,0.0,0.0
0.856,0.5,0.0,0.0,0.0
0.857,0.5,0.0,0.0,0.0
0.858,0.5,0.0,0.0,0.0
0.859,0.5,0.0,0.0,0.0
0.86,0.5,0.0,0.0,0.0
0.861,0.5,0.0,0.0,0.0
0.862,0.5,0.0,0.0,0.0
0.863,0.5,0.0,0.0,0.0
0.864,0.5,0.0,0.0,0.0
0.865,0.5,0.0,0.0,0.0
0.866,0.5,0.0,0.0,0.0
0.867,0.5,0.0,0.0,0.0
0.868,0.5,0.0,0.0,0.0
0.869,0.5,0.0,0.0,0.0
0.87,0.5,0.0,0.0,0.0
0.871,0.5,0.0,0.0,0.0
0.872,0.5,0.0,0.0,0.0
0.873,0.5,0.0,0.0,0.0
0.874,0.5,0.0,0.0,0.0
0.875,0.5,0.0,0.0,0.0
0.876,0.5,0.0,0.0,0.0
0.877,0.5,0.0,0.0,0.0
0.878,0.5,0.0,0.0,0.0
0.879,0.5,0.0,0.0,0.0
0.88,0.5,0.0,0.0,0.0
0.881,0.5,0.0,0.0,0.0
0.882,0.5,0.0,0.0,0.0
0.883,0.5,0.0,0.0,0.0
0.884,0.5,0.0,0.0,0.0
0.885,0.5,0.0,0.0,0.0
0.886,0.5,0.0,0.0,0.0
0.887,0.5,0.0,0.0,0.0
0.888,0.5,0.0,0.0,0.0
0.889,0.5,0.0,0.0,0.0
0.89,0.5,0.0,0.0,0.0
0.891,0.5,0.0,0.0,0.0
0.892,0.5,0.0,0.0,0.0
0.893,0.5,0.0,0.0,0.0
0.894,0.5,0.0,0.0,0.0
0.895,0.5,0.0,0.0,0.0
0.896,0.5,0.0,0.0,0.0
0.897,0.5,0.0,0.0,0.0
0.898,0.5,0.0,0.0,0.0
0.899,0.5,0.0,0.0,0.0
0.9,0.5,0.0,0.0,0.0
0.901,0.5,0.0,0.0,0.0
0.902,0.5,0.0,0.0,0.0
0.903,0.5,0.0,0.0,0.0
0.904,0.5,0.0,0.0,0.0
0.905,0.5,0.0,0.0,0.0
0.906,0.5,0.0,0.0,0.0
0.907,0.5,0.0,0.0,0.0
0.908,0.5,0.0,0.0,0.0
0.909,0.5,0.0,0.0,0.0
0.91,0.5,0.0,0.0,0.0
0.911,0.5,0.0,0.0,0.0
0.912,0.5,0.0,0.0,0.0
0.913,0.5,0.0,0.0,0.0
0.914,0.5,0.0,0.0,0.0
0.915,0.5,0.0,0.0,0.0
0.916,0.5,0.0,0.0,0.0
0.917,0.5,0.0,0.0,0.0
0.918,0.5,0.0,0.0,0.0
0.919,0.5,0.0,0.0,0.0
0.92,0.5,0.0,0.0,0.0
0.921,0.5,0.0,0.0,0.0
0.922,0.5,0.0,0.0,0.0
0.923,0.5,0.0,0.0,0.0
0.924,0.5,0.0,0.0,0.0
0.925,0.5,0.0,0.0,0.0
0.926,0.5,0.0,0.0,0.0
0.927,0.5,0.0,0.0,0.0
0.928,0.5,0.0,0.0,0.0
0.929,0.5,0.0,0.0,0.0
0.93,0.5,0.0,0.0,0.0
0.931,0.5,0.0,0.0,0.0
0.932,0.5,0.0,0.0,0.0
0.933,0.5,0.0,0.0,0.0
0.934,0.5,0.0,0.0,0.0
0.935,0.5,0.0,0.0,0.0
0.936,0.5,0.0,0.0,0.0
0.937,0.5,0.0,0.0,0.0
0.9380000000000001,0.5,0.0,0.0,0.0
0.9390000000000001,0.5,0.0,0.0,0.0
0.9400000000000001,0.5,0.0,0.0,0.0
0.9410000000000001,0.5,0.0,0.0,0.0
0.9420000000000001,0.5,0.0,0.0,0.0
0.9430000000000001,0.5,0.0,0.0,0.0
0.9440000000000001,0.5,0.0,0.0,0.0
0.9450000000000001,0.5,0.0,0.0,0.0
0.9460000000000001,0.5,0.0,0.0,0.0
0.9470000000000001,0.5,0.0,0.0,0.0
0.9480000000000001,0.5,0.0,0.0,0.0
0.9490000000000001,0.5,0.0,0.0,0.0
0.9500000000000001,0.5,0.0,0.0,0.0
0.9510000000000001,0.5,0.0,0.0,0.0
0.9520000000000001,0.5,0.0,0.0,0.0
0.9530000000000001,0.5,0.0,0.0,0.0
0.9540000000000001,0.5,0.0,0.0,0.0
0.9550000000000001,0.5,0.0,0.0,0.0
0.9560000000000001,0.5,0.0,0.0,0.0
0.9570000000000001,0.5,0.0,0.0,0.0
0.9580000000000001,0.5,0.0,0.0,0.0
0.9590000000000001,0.5,0.0,0.0,0.0
0.9600000000000001,0.5,0.0,0.0,0.0
0.961,0.5,0.0,0.0,0.0
0.962,0.5,0.0,0.0,0.0
0.963,0.5,0.0,0.0,0.0
0.964,0.5,0.0,0.0,0.0
0.965,0.5,0.0,0.0,0.0
0.966,0.5,0.0,0.0,0.0
0.967,0.5,0.0,0.0,0.0
0.968,0.5,0.0,0.0,0.0
0.969,0.5,0.0,0.0,0.0
0.97,0.5,0.0,0.0,0.0
0.971,0.5,0.0,0.0,0.0
0.972,0.5,0.0,0.0,0.0
0.973,0.5,0.0,0.0,0.0
0.974,0.5,0.0,0.0,0.0
0.975,0.5,0.0,0.0,0.0
0.976,0.5,0.0,0.0,0.0
0.977,0.5,0.0,0.0,0.0
0.978,0.5,0.0,0.0,0.0
0.979,0.5,0.0,0.0,0.0
0.98,0.5,0.0,0.0,0.0
0.981,0.5,0.0,0.0,0.0
0.982,0.5,0.0,0.0,0.0
0.983,0.5,0.0,0.0,0.0
0.984,0.5,0.0,0.0,0.0
0.985,0.5,0.0,0.0,0.0
0.986,0.5,0.0,0.0,0.0
0.987,0.5,0.0,0.0,0.0
0.988,0.5,0.0,0.0,0.0
0.989,0.5,0.0,0.0,0.0
0.99,0.5,0.0,0.0,0.0
0.991,0.5,0.0,0.0,0.0
0.992,0.5,0.0,0.0,0.0
0.993,0.5,0.0,0.0,0.0
0.994,0.5,0.0,0.0,0.0
0.995,0.5,0.0,0.0,0.0
0.996,0.5,0.0,0.0,0.0
0.997,0.5,0.0,0.0,0.0
0.998,0.5,0.0,0.0,0.0
0.999,0.5,0.0,0.0,0.0
